nesdis_id,nwsli,state_code,latitude_d,longitude_d,owner_code,pe1,pe2,pe3,pe4,pe5,pe6,pe7,pe8,pe9,pe10,pe11,pe12,pe13,pe14,pe15,pe16,pe17,pe18,pe19,pe20,pe21,p322,pe23,pe24,pe25
244353FC,ABVA1,AL,34.2358,-86.1856,TENNVA,PC,,,,,,,,,,,,,,,,,,,,,,,
DD03B330,ACTA1,AL,33.3633,-86.8131,USGS01,HG,VB,,,,,,,,,,,,,,,,,,,,,,
DDAC35E0,ADAA1,AL,34.7225,-86.575,USGS01,HG,PC,,,,,,,,,,,,,,,,,,,,,,
DE23F332,ADMA1,AL,34.0867,-87.79,USGS01,HG,VB,,,,,,,,,,,,,,,,,,,,,,
DE244288,AGRA1,AL,30.8622,-88.4178,USGS01,HG,VB,,,,,,,,,,,,,,,,,,,,,,
244984C6,AHNA1,AL,34.7906,-86.9656,TENNVA,PC,,,,,,,,,,,,,,,,,,,,,,,
176FB4C4,AKLA1,AL,33.8719,-86.9222,USGS01,HG,VB,,,,,,,,,,,,,,,,,,,,,,
1778E112,ALPA1,AL,33.3594,-86.2342,USGS01,HG,VB,,,,,,,,,,,,,,,,,,,,,,
1766516A,ALRA1,AL,32.4114,-86.4083,USGS01,HG,VB,WV,,,,,,,,,,,,,,,,,,,,,
17BD5138,ARTA1,AL,31.5947,-85.7831,USGS01,VB,HG,,,,,,,,,,,,,,,,,,,,,,
173996A4,ASCA1,AL,34.7639,-86.9464,USGS01,HG,,,,,,,,,,,,,,,,,,,,,,,
176664F0,ASHA1,AL,33.8397,-86.2628,USGS01,HG,VB,,,,,,,,,,,,,,,,,,,,,,
DE2054C4,ATNA1,AL,34.7517,-86.8233,USGS01,HG,,,,,,,,,,,,,,,,,,,,,,,
16FAC410,AVLA1,AL,33.2106,-88.2886,USGS01,HP,HT,VB,,,,,,,,,,,,,,,,,,,,,
DE155574,BASA1,AL,31.8639,-87.7472,USGS01,HG,VB,,,,,,,,,,,,,,,,,,,,,,
16FDC624,BCBA1,AL,34.6558,-88.1225,USGS01,HG,VB,,,,,,,,,,,,,,,,,,,,,,
DE05B118,BCKA1,AL,31.0028,-88.0111,USGS01,HG,VB,,,,,,,,,,,,,,,,,,,,,,
16D0F136,BCMA1,AL,30.6392,-88.3931,USGS01,HG,VB,,,,,,,,,,,,,,,,,,,,,,
1766348C,BCNA1,AL,31.1297,-87.0872,USGS01,HG,VB,,,,,,,,,,,,,,,,,,,,,,
2444B23A,BCRA1,AL,34.3992,-87.9872,TENNVA,HP,,,,,,,,,,,,,,,,,,,,,,,
244F4116,BCTA1,AL,34.3997,-87.9872,TENNVA,HT,,,,,,,,,,,,,,,,,,,,,,,
DE13D3AE,BDKA1,AL,32.8069,-88.3119,USGS01,HG,,,,,,,,,,,,,,,,,,,,,,,
DDABC750,BELA1,AL,31.1592,-85.7844,USGS01,HG,VB,,,,,,,,,,,,,,,,,,,,,,
CE18129C,BERA1,AL,34.1719,-86.695,CELRN1,HG,TW,WO,,,,,,,,,,,,,,,,,,,,,
16373D44,BESA1,AL,33.4192,-86.9828,USGS01,HG,VB,,,,,,,,,,,,,,,,,,,,,,
DDABD426,BFMA1,AL,34.8556,-86.5175,USGS01,HG,,,,,,,,,,,,,,,,,,,,,,,
1779C504,BGWA1,AL,34.4381,-85.7672,USGS01,HG,VB,,,,,,,,,,,,,,,,,,,,,,
327ED2B6,BHFA1,AL,34.3442,-87.3375,DAFS00,PC,US,UD,TA,MT,XR,VB,MM,UR,UP,RW,,,,,,,,,,,,,
17757716,BLDA1,AL,33.4583,-87.3542,USGS01,HP,HT,PC,VB,,,,,,,,,,,,,,,,,,,,
DDEA4062,BLEA1,AL,32.5942,-85.1697,USGS01,PC,,,,,,,,,,,,,,,,,,,,,,,
177070D6,BLPA1,AL,34.2889,-85.6806,USGS01,HG,VB,,,,,,,,,,,,,,,,,,,,,,
16374BD4,BLSA1,AL,34.0797,-86.6078,USGS01,HG,VB,,,,,,,,,,,,,,,,,,,,,,
17DE72E8,BLUA1,AL,34.7883,-86.5986,USGS01,HG,PC,VB,,,,,,,,,,,,,,,,,,,,,
DE13B648,BNAA1,AL,34.67,-87.3172,USGS01,HG,,,,,,,,,,,,,,,,,,,,,,,
837970EE,BONA1,AL,30.2528,-87.8125,FWSBID,PC,US,UD,TA,MT,XR,VB,MM,UR,UP,RW,,,,,,,,,,,,,
DD0267A2,BRDA1,AL,31.0275,-86.71,USGS01,HG,VB,,,,,,,,,,,,,,,,,,,,,,
DD40E79E,BRNA1,AL,31.5733,-86.2517,USGS01,HG,VB,,,,,,,,,,,,,,,,,,,,,,
CD04FB58,BRXA1,AL,31.145,-87.0517,UAHCRN,DY,DJ,US,UD,UP,UR,DH,TA,PP,,,,,,,,,,,,,,,
177594E4,BSBA1,AL,34.7492,-86.4467,USGS01,HG,VB,,,,,,,,,,,,,,,,,,,,,,
17661260,BWMA1,AL,31.1008,-87.0689,USGS01,HG,PC,,,,,,,,,,,,,,,,,,,,,,
17DEF4FC,BWTA1,AL,31.0669,-87.0617,USGS01,HG,VB,,,,,,,,,,,,,,,,,,,,,,
177926F6,CARA1,AL,33.2947,-87.5683,USGS01,HG,,,,,,,,,,,,,,,,,,,,,,,
176F62AC,CATA1,AL,32.3072,-86.2994,USGS01,VB,HG,,,,,,,,,,,,,,,,,,,,,,
1785F316,CCFA1,AL,34.8078,-87.7006,USGS01,HG,VB,,,,,,,,,,,,,,,,,,,,,,
244B8132,CCPA1,AL,34.5456,-87.9733,TENNVA,PC,,,,,,,,,,,,,,,,,,,,,,,
244525A2,CCRA1,AL,34.5464,-87.9753,TENNVA,HP,VB,,,,,,,,,,,,,,,,,,,,,,
244F5260,CCTA1,AL,34.5525,-87.9856,TENNVA,HT,VB,,,,,,,,,,,,,,,,,,,,,,
17862270,CDPA1,AL,34.0981,-86.0381,USGS01,HG,VB,,,,,,,,,,,,,,,,,,,,,,
1743F7BC,CDRA1,AL,31.2489,-85.1067,USGS01,HG,WV,TW,VB,,,,,,,,,,,,,,,,,,,,
DF1349BC,CHBA1,AL,31.3636,-87.765,USGS01,HG,VB,,,,,,,,,,,,,,,,,,,,,,
DD53D294,CHCA1,AL,33.6019,-85.7853,USGS01,VB,HG,,,,,,,,,,,,,,,,,,,,,,
17D9064C,CHGA1,AL,33.4156,-86.7397,USGS01,HG,VB,,,,,,,,,,,,,,,,,,,,,,
163CFBF2,CHKA1,AL,30.8028,-88.1433,USGS01,HG,VB,,,,,,,,,,,,,,,,,,,,,,
17793580,CHLA1,AL,33.2917,-86.3639,USGS01,HG,VB,,,,,,,,,,,,,,,,,,,,,,
DD53C1E2,CHWA1,AL,32.5481,-85.4806,USGS01,HG,VB,,,,,,,,,,,,,,,,,,,,,,
165501CA,CISA1,AL,33.3447,-86.7592,USGS01,HG,TW,WC,WP,WT,WO,VB,,,,,,,,,,,,,,,,,
DD64E34A,CKLA1,AL,32.945,-87.1392,USGS01,HG,VB,,,,,,,,,,,,,,,,,,,,,,
16381D3A,CLBA1,AL,31.6133,-87.5506,USGS01,HT,VB,,,,,,,,,,,,,,,,,,,,,,
17D87226,CLDA1,AL,31.7583,-88.1292,USGS01,HP,HT,,,,,,,,,,,,,,,,,,,,,,
176FA7B2,CLEA1,AL,34.0244,-86.5742,USGS01,HG,VB,,,,,,,,,,,,,,,,,,,,,,
DE247712,CLPA1,AL,31.615,-87.5506,USGS01,HP,VB,,,,,,,,,,,,,,,,,,,,,,
CD0246CA,CLXA1,AL,32.8517,-86.6114,UAHCRN,DY,DJ,DH,TA,TA,TA,PC,PC,PC,US,UD,UP,UR,XR,,,,,,,,,,
1779B394,CMCA1,AL,33.1747,-87.5647,USGS01,HG,VB,,,,,,,,,,,,,,,,,,,,,,
1770A6BE,CMNA1,AL,34.7456,-86.5742,USGS01,HG,PC,,,,,,,,,,,,,,,,,,,,,,
1770C358,CNTA1,AL,34.7275,-86.5933,USGS01,HG,PC,VB,,,,,,,,,,,,,,,,,,,,,
17D4C034,COLA1,AL,31.2592,-85.1111,USGS01,HT,HP,PC,US,UD,VB,,,,,,,,,,,,,,,,,,
176F9228,CRDA1,AL,33.7575,-87.1703,USGS01,HG,VB,,,,,,,,,,,,,,,,,,,,,,
2445855A,CSEA1,AL,34.7939,-86.5186,TENNVA,PC,,,,,,,,,,,,,,,,,,,,,,,
CD0026D8,CUXA1,AL,34.1953,-86.7964,UAHCRN,DY,DJ,DH,TA,TA,TA,PC,PC,PC,US,UD,UP,UR,,,,,,,,,,,
16373396,CVCA1,AL,33.3133,-86.8064,USGS01,HG,VB,,,,,,,,,,,,,,,,,,,,,,
DF000A26,CWBA1,AL,33.0964,-87.0553,USGS01,HG,VB,,,,,,,,,,,,,,,,,,,,,,
1688B2D8,CWCA1,AL,33.6036,-86.5492,USGS01,HG,TW,WC,WO,WT,VB,,,,,,,,,,,,,,,,,,
DE27B502,DIXA1,AL,31.1278,-86.7964,USGS01,PC,WT,VB,,,,,,,,,,,,,,,,,,,,,
163758A2,DLDA1,AL,32.5194,-87.8783,USGS01,VB,HP,HT,,,,,,,,,,,,,,,,,,,,,
244566A8,DMEA1,AL,34.3339,-87.6506,TENNVA,PC,,,,,,,,,,,,,,,,,,,,,,,
DDABA2B6,DUGA1,AL,34.7047,-86.5122,USGS01,HG,PC,,,,,,,,,,,,,,,,,,,,,,
32B17E6A,DXCA1,AL,31.0111,-87.0556,DAFS00,PC,US,UD,TA,MT,XR,VB,MM,UR,UP,RW,,,,,,,,,,,,,
32B26A12,DXRA1,AL,31.1619,-86.7033,DAFS00,PC,US,UD,TA,XR,VB,UR,UP,RW,,,,,,,,,,,,,,,
17B421F4,ELBA1,AL,31.4133,-86.0631,USGS01,HG,VB,,,,,,,,,,,,,,,,,,,,,,
DE214548,ELLA1,AL,32.9972,-87.6222,USGS01,HG,VB,,,,,,,,,,,,,,,,,,,,,,
DE2412F4,ELRA1,AL,33.2569,-87.7764,USGS01,HG,VB,,,,,,,,,,,,,,,,,,,,,,
17701530,ELSA1,AL,34.065,-85.6142,USGS01,HG,TW,,,,,,,,,,,,,,,,,,,,,,
176F32D0,ENSA1,AL,33.5175,-86.8792,USGS01,HG,PC,TW,WC,WO,VB,,,,,,,,,,,,,,,,,,
DE2631EC,ESFA1,AL,34.91,-86.1683,USGS01,HG,PC,WT,,,,,,,,,,,,,,,,,,,,,
163C55D8,EUFA1,AL,31.9081,-85.145,USGS01,HG,VB,,,,,,,,,,,,,,,,,,,,,,
1765C306,EVMA1,AL,31.4183,-86.9867,USGS01,HG,VB,,,,,,,,,,,,,,,,,,,,,,
CE8541A0,EXXA1,AL,30.1883,-88.1217,CESAM1,HM,TW,VB,,,,,,,,,,,,,,,,,,,,,
17DF56FE,FCFA1,AL,34.3731,-86.9336,USGS01,HG,,,,,,,,,,,,,,,,,,,,,,,
176BE182,FCOA1,AL,34.8806,-86.4806,USGS01,HG,,,,,,,,,,,,,,,,,,,,,,,
244B62C0,FKVA1,AL,34.3739,-86.9128,TENNVA,PC,,,,,,,,,,,,,,,,,,,,,,,
178193CA,FLMA1,AL,31.0106,-87.2628,USGS01,HG,VB,,,,,,,,,,,,,,,,,,,,,,
2440E77C,FLOA1,AL,34.7864,-87.67,TENNVA,HG,,,,,,,,,,,,,,,,,,,,,,,
2444F130,FLRA1,AL,34.7681,-85.7011,TENNVA,PC,,,,,,,,,,,,,,,,,,,,,,,
DE243418,FLWA1,AL,30.5006,-88.1814,USGS01,HG,VB,,,,,,,,,,,,,,,,,,,,,,
DE2EC5CE,FPHA1,AL,31.6214,-85.06,USGS01,HG,WV,TW,TW,WC,WO,,,,,,,,,,,,,,,,,,
CD04C010,FRPA1,AL,30.5486,-87.8758,NOACRD,DY,DJ,XR,PC,PC,PC,US,UP,TV,MS,TV,MS,TV,MS,TV,MS,TV,MS,RW,DH,TA,PP,PC,
1629B8A6,FRVA1,AL,30.78,-88.3189,USGS01,HG,VB,,,,,,,,,,,,,,,,,,,,,,
DDAC2696,FRYA1,AL,34.6239,-86.5411,USGS01,HG,PC,,,,,,,,,,,,,,,,,,,,,,
17DF206E,FSHA1,AL,30.5453,-87.7986,USGS01,HG,PC,VB,,,,,,,,,,,,,,,,,,,,,
DF11D7F8,FSMA1,AL,30.4744,-87.8025,USGS01,HG,WV,HG,TW,,,,,,,,,,,,,,,,,,,,
DD0274D4,FTMA1,AL,32.3167,-85.015,USGS01,HG,VB,,,,,,,,,,,,,,,,,,,,,,
1704F654,GAPA1,AL,34.0139,-85.9703,USGS01,HG,VB,,,,,,,,,,,,,,,,,,,,,,
17794310,GASA1,AL,33.2411,-86.4583,USGS01,HG,VB,,,,,,,,,,,,,,,,,,,,,,
1765B596,GAYA1,AL,34.2903,-85.5092,USGS01,HG,VB,,,,,,,,,,,,,,,,,,,,,,
1767C6F2,GDNA1,AL,34.0103,-85.9978,USGS01,HG,VB,,,,,,,,,,,,,,,,,,,,,,
245066F6,GERA1,AL,34.3783,-85.9903,TENNVA,HG,,,,,,,,,,,,,,,,,,,,,,,
32B3C810,GHAA1,AL,31.6908,-87.7606,ALABAM,PC,US,UD,TA,MT,XR,VB,MM,UR,UP,RW,,,,,,,,,,,,,
DE27F608,GNSA1,AL,32.8481,-88.1561,USGS01,HP,HT,,,,,,,,,,,,,,,,,,,,,,
1765D070,GNVA1,AL,31.0411,-85.8661,USGS01,HG,VB,,,,,,,,,,,,,,,,,,,,,,
DD0535EA,GRAA1,AL,34.2853,-87.3989,USGS01,HG,TW,VB,PC,,,,,,,,,,,,,,,,,,,,
CD050926,GRXA1,AL,34.7169,-87.6225,UAHCRN,DY,DJ,US,UD,UP,UR,DH,TA,PP,,,,,,,,,,,,,,,
DF135418,GSHA1,AL,30.2794,-87.6867,USGS01,HM,,,,,,,,,,,,,,,,,,,,,,,
17DEA480,GURA1,AL,34.6819,-86.4483,USGS01,HG,PC,,,,,,,,,,,,,,,,,,,,,,
CD09C376,GUXA1,AL,34.3333,-86.3158,UAHCRN,DY,DJ,DH,TA,PP,,,,,,,,,,,,,,,,,,,
2442120C,GVDA1,AL,34.4211,-86.3933,TENNVA,PC,,,,,,,,,,,,,,,,,,,,,,,
2441D01C,GVOA1,AL,34.4264,-86.0225,TENNVA,PC,,,,,,,,,,,,,,,,,,,,,,,
CD04B852,GVXA1,AL,32.8369,-88.1375,UAHCRN,DY,DJ,DH,TA,TA,TA,PC,PC,PC,US,UD,UP,UR,XR,,,,,,,,,,
DE119550,GWDA1,AL,33.3261,-86.9497,USGS01,HG,VB,,,,,,,,,,,,,,,,,,,,,,
17DF3318,HBPA1,AL,32.9772,-85.7397,USGS01,HG,VB,,,,,,,,,,,,,,,,,,,,,,
2449E120,HENA1,AL,34.6272,-85.7522,TENNVA,PC,,,,,,,,,,,,,,,,,,,,,,,
17DF4588,HFLA1,AL,33.6228,-85.5222,USGS01,HG,VB,,,,,,,,,,,,,,,,,,,,,,
24493748,HGSA1,AL,34.3933,-87.8864,TENNVA,PC,,,,,,,,,,,,,,,,,,,,,,,
CD0643F0,HHXA1,AL,31.9156,-86.3114,UAHCRN,DY,DJ,DH,TA,PP,,,,,,,,,,,,,,,,,,,
17709324,HILA1,AL,33.0653,-85.8781,USGS01,HG,VB,,,,,,,,,,,,,,,,,,,,,,
16503390,HLEA1,AL,33.2844,-86.8825,USGS01,HG,VB,,,,,,,,,,,,,,,,,,,,,,
DE11A0CA,HMTA1,AL,34.1061,-87.9894,USGS01,HG,VB,,,,,,,,,,,,,,,,,,,,,,
DE24276E,HOKA1,AL,34.04,-85.8667,USGS01,HG,VB,,,,,,,,,,,,,,,,,,,,,,
17B4C206,HOVA1,AL,33.3692,-86.7842,USGS01,HG,TW,WC,WO,VB,,,,,,,,,,,,,,,,,,,
1770E5B4,HSTA1,AL,34.9608,-86.4636,USGS01,HG,VB,,,,,,,,,,,,,,,,,,,,,,
17D8F432,JACA1,AL,33.5483,-86.0969,USGS01,HG,VB,,,,,,,,,,,,,,,,,,,,,,
DE2163A4,JONA1,AL,32.5828,-86.9036,USGS01,HG,VB,,,,,,,,,,,,,,,,,,,,,,
17DF7012,JPKA1,AL,33.4997,-86.6142,USGS01,HG,VB,,,,,,,,,,,,,,,,,,,,,,
1766421C,LANA1,AL,32.9014,-85.1964,USGS01,HG,WV,VB,,,,,,,,,,,,,,,,,,,,,
24455332,LBRA1,AL,34.4519,-87.9769,TENNVA,HP,VB,,,,,,,,,,,,,,,,,,,,,,
176FE4B8,LCRA1,AL,33.5344,-86.5625,USGS01,HG,TW,WC,WO,VB,,,,,,,,,,,,,,,,,,,
CD04CEC2,LCXA1,AL,34.6603,-87.3461,UAHCRN,DY,DJ,DH,TA,TA,TA,PC,PC,PC,US,UD,UP,UR,XR,,,,,,,,,,
DD056596,LDBA1,AL,31.2722,-85.9583,USGS01,HG,VB,,,,,,,,,,,,,,,,,,,,,,
1770563A,LEEA1,AL,34.1767,-85.7539,USGS01,HG,VB,,,,,,,,,,,,,,,,,,,,,,
837A8764,LGLA1,AL,33.7172,-85.7622,FWSBID,PC,US,UD,TA,XR,VB,UR,UP,RW,,,,,,,,,,,,,,,
DE27D0E4,LGOM4,AL,46.5886,-89.5478,USGS01,HG,WT,PC,VB,,,,,,,,,,,,,,,,,,,,
244A16AA,LIMA1,AL,34.6792,-86.1892,TENNVA,PC,,,,,,,,,,,,,,,,,,,,,,,
16372E32,LKTA1,AL,33.2672,-87.5061,USGS01,HP,PC,VB,,,,,,,,,,,,,,,,,,,,,
17BBD7E2,LOAA1,AL,32.6267,-85.5881,USGS01,HG,VB,,,,,,,,,,,,,,,,,,,,,,
1716F43E,LRYA1,AL,31.4858,-87.9089,USGS01,HG,VB,,,,,,,,,,,,,,,,,,,,,,
17BF47BA,LTCA1,AL,33.4397,-86.6989,USGS01,HG,VB,,,,,,,,,,,,,,,,,,,,,,
DE1002C8,LVNA1,AL,32.5736,-88.1933,USGS01,HG,VB,,,,,,,,,,,,,,,,,,,,,,
176F4440,MADA1,AL,34.6972,-86.7,USGS01,HG,PC,,,,,,,,,,,,,,,,,,,,,,
17D854CA,MAGA1,AL,30.4064,-87.7369,USGS01,HG,VB,,,,,,,,,,,,,,,,,,,,,,
CD04A5F6,MAJA1,AL,32.4567,-87.2422,NOACRD,DY,DJ,XR,PC,PC,PC,US,UP,TV,MS,TV,MS,TV,MS,TV,MS,TV,MS,RW,DH,TA,PP,PC,
1785D5FA,MASA1,AL,34.7714,-86.5922,USGS01,HG,PC,VB,,,,,,,,,,,,,,,,,,,,,
17BF04B0,MCHA1,AL,33.9083,-87.2569,USGS01,HG,VB,,,,,,,,,,,,,,,,,,,,,,
DE0CE738,MGMA1,AL,32.3922,-86.3153,USGS01,HG,VB,,,,,,,,,,,,,,,,,,,,,,
DD64B336,MGYA1,AL,32.4397,-86.1956,USGS01,HG,VB,,,,,,,,,,,,,,,,,,,,,,
17BFC1AE,MHWA1,AL,34.455,-87.4822,USGS01,HB,TW,,,,,,,,,,,,,,,,,,,,,,
17DF15F4,MILA1,AL,32.4489,-85.8975,USGS01,HG,VB,,,,,,,,,,,,,,,,,,,,,,
244826C4,MLTA1,AL,34.4039,-87.3161,TENNVA,PC,,,,,,,,,,,,,,,,,,,,,,,
DD05500C,MNJA1,AL,32.4439,-87.1803,USGS01,HG,VB,,,,,,,,,,,,,,,,,,,,,,
DD53E70E,MRBA1,AL,31.0156,-88.0208,USGS01,HG,TW,WV,VB,,,,,,,,,,,,,,,,,,,,
DE153092,MRFA1,AL,32.1,-87.3978,USGS01,HP,HT,PC,VB,,,,,,,,,,,,,,,,,,,,
817036FC,MRVA1,AL,31.4631,-87.35,NWSSRH,TA,XR,US,UD,PP,PA,,,,,,,,,,,,,,,,,,
CD04DDB4,MSXA1,AL,34.7728,-87.64,UAHCRN,DY,DJ,DH,TA,TA,TA,PC,PC,PC,US,UD,UP,UR,XR,,,,,,,,,,
DD283762,MTBA1,AL,33.4817,-86.7128,USGS01,HG,VB,TW,WC,WO,WT,,,,,,,,,,,,,,,,,,
DE13E634,MWLA1,AL,32.3464,-86.3619,USGS01,HB,VB,,,,,,,,,,,,,,,,,,,,,,
DE154602,NANA1,AL,32.13,-88.0411,USGS01,HG,TW,WO,VB,,,,,,,,,,,,,,,,,,,,
1778D488,NELA1,AL,33.4372,-85.3992,USGS01,HG,VB,,,,,,,,,,,,,,,,,,,,,,
17DEC166,NEWA1,AL,31.3428,-85.6106,USGS01,HG,VB,,,,,,,,,,,,,,,,,,,,,,
DE118626,NOXA1,AL,32.9325,-88.2978,USGS01,HG,VB,,,,,,,,,,,,,,,,,,,,,,
CD065086,NPXA1,AL,33.2125,-87.5914,UAHCRN,DY,DJ,DH,TA,PP,,,,,,,,,,,,,,,,,,,
1637F85A,OHCA1,AL,33.7803,-85.9983,USGS01,HG,VB,,,,,,,,,,,,,,,,,,,,,,
1778F264,OKGA1,AL,33.4472,-87.1222,USGS01,HG,VB,,,,,,,,,,,,,,,,,,,,,,
3273B436,OKMA1,AL,32.7906,-87.1706,DAFS00,PC,US,UD,TA,MT,XR,VB,MM,UR,UP,RW,,,,,,,,,,,,,
1779001A,OKWA1,AL,34.7494,-86.6253,USGS01,HG,PC,VB,,,,,,,,,,,,,,,,,,,,,
327E82CA,OPNA1,AL,31.0944,-86.5486,DAFS00,PC,US,UD,TA,MT,XR,VB,MM,UR,UP,RW,,,,,,,,,,,,,
DE240182,PARA1,AL,33.7417,-87.3269,USGS01,HG,VB,,,,,,,,,,,,,,,,,,,,,,
DDAC9518,PATA1,AL,34.6925,-86.6275,USGS01,HG,PC,,,,,,,,,,,,,,,,,,,,,,
DE1383D2,POPA1,AL,34.0811,-87.4228,USGS01,HG,VB,,,,,,,,,,,,,,,,,,,,,,
16FFE53C,PRTA1,AL,33.5239,-86.8911,USGS01,HG,TW,WC,VB,,,,,,,,,,,,,,,,,,,,
176ED3D8,PTAA1,AL,31.3611,-86.5197,USGS01,HG,VB,,,,,,,,,,,,,,,,,,,,,,
17BC03BE,PTSA1,AL,31.5961,-86.4056,USGS01,HG,HG,VB,,,,,,,,,,,,,,,,,,,,,
17325012,PURA1,AL,31.9411,-87.1867,USGS01,HG,,,,,,,,,,,,,,,,,,,,,,,
244F8408,RBYA1,AL,34.4439,-88.1156,TENNVA,HG,,,,,,,,,,,,,,,,,,,,,,,
DD05437A,REPA1,AL,33.5969,-86.8681,USGS01,HG,TW,WC,WO,VB,,,,,,,,,,,,,,,,,,,
244F67FA,RLBA1,AL,34.4558,-87.9819,TENNVA,HT,VB,,,,,,,,,,,,,,,,,,,,,,
17657088,ROCA1,AL,32.9167,-86.2703,USGS01,WT,HG,VB,,,,,,,,,,,,,,,,,,,,,
CD04E82E,RUXA1,AL,34.4536,-87.7103,UAHCRN,DY,DJ,DH,TA,TA,TA,PC,PC,PC,US,UD,UP,UR,XR,,,,,,,,,,
DDABF2CA,RVFA1,AL,31.3481,-86.5294,USGS01,HG,VB,,,,,,,,,,,,,,,,,,,,,,
DE11B3BC,SAMA1,AL,33.4792,-87.5972,USGS01,HG,VB,,,,,,,,,,,,,,,,,,,,,,
DE2353CA,SATA1,AL,31.7442,-88.0225,USGS01,HG,VB,,,,,,,,,,,,,,,,,,,,,,
176F71DA,SAYA1,AL,33.7097,-86.9833,USGS01,HG,VB,,,,,,,,,,,,,,,,,,,,,,
DDABE1BC,SBHA1,AL,34.69,-86.5964,USGS01,HG,PC,VB,,,,,,,,,,,,,,,,,,,,,
244C9070,SCBA1,AL,34.6492,-85.9856,TENNVA,PC,,,,,,,,,,,,,,,,,,,,,,,
344BE350,SCOA1,AL,33.2117,-86.2733,USGS01,HG,VB,,,,,,,,,,,,,,,,,,,,,,
244E357C,SCRA1,AL,34.6436,-85.9803,TENNVA,HG,VB,,,,,,,,,,,,,,,,,,,,,,
CD09930A,SCXA1,AL,34.6942,-85.9997,UAHCRN,DY,DJ,DH,TA,PP,,,,,,,,,,,,,,,,,,,
DE0CF44E,SELA1,AL,32.4056,-87.0186,USGS01,HG,VB,,,,,,,,,,,,,,,,,,,,,,
17799578,SHEA1,AL,34.6642,-86.5542,USGS01,HG,PC,,,,,,,,,,,,,,,,,,,,,,
32765004,SHLA1,AL,33.6472,-85.6344,DAFS00,PC,US,UD,TA,MT,XR,VB,MM,UR,UP,RW,,,,,,,,,,,,,
CD0A1210,SLXA1,AL,32.335,-86.9786,UAHCRN,DY,DJ,US,UD,UP,UR,DH,TA,PP,,,,,,,,,,,,,,,
CD04739E,SMCA1,AL,34.285,-85.9622,NOACRD,DY,DJ,XR,PC,PC,PC,US,UP,TV,MS,TV,MS,TV,MS,TV,MS,TV,MS,RW,DH,TA,PP,PC,
17D8E744,SMSA1,AL,30.7258,-88.2764,USGS01,HG,VB,,,,,,,,,,,,,,,,,,,,,,
1715C6AA,SNOA1,AL,31.9961,-87.0683,USGS01,HG,VB,,,,,,,,,,,,,,,,,,,,,,
DF13476E,SOSA1,AL,33.9431,-86.0261,USGS01,HG,WV,HG,TW,,,,,,,,,,,,,,,,,,,,
163D8F98,SRSA1,AL,30.5181,-87.4628,USGS01,HG,VB,,,,,,,,,,,,,,,,,,,,,,
DD535480,SSNA1,AL,31.1125,-86.0994,USGS01,HG,VB,,,,,,,,,,,,,,,,,,,,,,
163763EA,SSRA1,AL,34.4986,-85.9297,USGS01,HG,,,,,,,,,,,,,,,,,,,,,,,
17DF6364,STNA1,AL,31.1294,-87.3706,USGS01,HG,VB,,,,,,,,,,,,,,,,,,,,,,
DE246464,STXA1,AL,30.6056,-87.5472,USGS01,HG,VB,,,,,,,,,,,,,,,,,,,,,,
DE2170D2,SUTA1,AL,32.5292,-87.1989,USGS01,HG,VB,,,,,,,,,,,,,,,,,,,,,,
17B5230E,SXLA1,AL,30.6369,-87.6072,USGS01,HG,VB,,,,,,,,,,,,,,,,,,,,,,
DDAC130C,TCLA1,AL,33.2528,-87.4514,USGS01,HT,VB,,,,,,,,,,,,,,,,,,,,,,
174507F6,TCPA1,AL,33.2531,-87.4492,USGS01,HP,PC,VB,,,,,,,,,,,,,,,,,,,,,
327EB750,TKGA1,AL,32.4492,-85.6414,DAFS00,PC,US,UD,TA,MT,XR,VB,MM,UR,UP,RW,,,,,,,,,,,,,
DDE82070,TKYA1,AL,33.7111,-86.6961,USGS01,HG,TW,WC,WO,,,,,,,,,,,,,,,,,,,,
3236363E,TLDA1,AL,33.4411,-86.0811,DAFS00,PC,US,UD,TA,MT,XR,VB,MM,UR,UP,RW,,,,,,,,,,,,,
CD0255BC,TLXA1,AL,33.5722,-86.0572,UAHCRN,DY,DJ,DH,TA,TA,TA,PC,PC,PC,US,UD,UP,UR,XR,,,,,,,,,,
244C0512,TNCA1,AL,34.6606,-87.4053,TENNVA,PC,,,,,,,,,,,,,,,,,,,,,,,
DE13A53E,TODA1,AL,33.2092,-87.59,USGS01,HP,HT,,,,,,,,,,,,,,,,,,,,,,
DDAC866E,TONA1,AL,34.6981,-86.5506,USGS01,HG,PC,,,,,,,,,,,,,,,,,,,,,,
CD051A50,TOXA1,AL,31.8814,-87.7367,UAHCRN,DY,DJ,DH,TA,TA,TA,PC,PC,PC,US,UD,UP,UR,XR,,,,,,,,,,
DD03A046,TRSA1,AL,33.6222,-86.5994,USGS01,HG,,,,,,,,,,,,,,,,,,,,,,,
CD052FCA,TRXA1,AL,31.79,-86.0003,UAHCRN,DY,DJ,DH,TA,TA,TA,PC,PC,PC,US,UD,UP,UR,XR,,,,,,,,,,
175E53BC,TUKA1,AL,32.1833,-88.17,USGS01,HG,VB,,,,,,,,,,,,,,,,,,,,,,
1765A6E0,TWLA1,AL,33.5344,-87.5461,USGS01,HB,,,,,,,,,,,,,,,,,,,,,,,
1745D19E,TYLA1,AL,32.325,-86.7847,USGS01,HP,HT,PC,VB,,,,,,,,,,,,,,,,,,,,
244FF298,UBRA1,AL,34.2728,-87.6925,TENNVA,HP,VB,,,,,,,,,,,,,,,,,,,,,,
244F977E,UBTA1,AL,34.2694,-87.6967,TENNVA,HT,VB,,,,,,,,,,,,,,,,,,,,,,
1765F69C,UPBA1,AL,31.4536,-86.7869,USGS01,HG,VB,,,,,,,,,,,,,,,,,,,,,,
DE1523E4,UPHA1,AL,32.4767,-85.695,USGS01,HG,VB,,,,,,,,,,,,,,,,,,,,,,
DF09FCFE,VALA1,AL,33.5056,-86.8364,USGS01,HG,TW,WC,PC,VB,,,,,,,,,,,,,,,,,,,
DF0A0B74,VAWA1,AL,33.4925,-86.8719,USGS01,HG,WC,TW,PC,,,,,,,,,,,,,,,,,,,,
DE1390A4,VDCA1,AL,33.5481,-86.9258,USGS01,HG,TA,VB,,,,,,,,,,,,,,,,,,,,,
1779136C,VGNA1,AL,33.5425,-86.8175,USGS01,HG,VB,,,,,,,,,,,,,,,,,,,,,,
1701E2E2,VGPA1,AL,33.5347,-86.8269,USGS01,PC,VB,,,,,,,,,,,,,,,,,,,,,,
16FF93AC,VGRA1,AL,33.5769,-86.7189,USGS01,HG,PC,TW,WC,VB,,,,,,,,,,,,,,,,,,,
DD27E798,VGTA1,AL,33.6656,-86.5922,USGS01,HG,WT,VB,,,,,,,,,,,,,,,,,,,,,
CD09807C,VHXA1,AL,34.5653,-85.6172,UAHCRN,DY,DJ,DH,TA,PP,,,,,,,,,,,,,,,,,,,
17654512,VINA1,AL,33.4475,-86.3869,USGS01,HG,TW,VB,,,,,,,,,,,,,,,,,,,,,
DD3520EC,WCCA1,AL,32.8903,-86.5792,USGS01,HG,VB,,,,,,,,,,,,,,,,,,,,,,
17DE826C,WCHA1,AL,34.7928,-86.5892,USGS01,HG,PC,,,,,,,,,,,,,,,,,,,,,,
244BD14E,WDCA1,AL,34.8861,-85.755,TENNVA,PC,VB,,,,,,,,,,,,,,,,,,,,,,
176F5736,WDLA1,AL,33.1175,-85.5597,USGS01,HG,VB,,,,,,,,,,,,,,,,,,,,,,
DE21563E,WDVA1,AL,34.6242,-86.3064,USGS01,HG,,,,,,,,,,,,,,,,,,,,,,,
DE13C0D8,WETA1,AL,32.5369,-86.2089,USGS01,HG,,,,,,,,,,,,,,,,,,,,,,,
DE11C52C,WHIA1,AL,34.5717,-86.5581,USGS01,HG,,,,,,,,,,,,,,,,,,,,,,,
2446C15E,WHLA1,AL,34.7958,-87.3836,TENNVA,PC,,,,,,,,,,,,,,,,,,,,,,,
DE2451FE,WILA1,AL,30.8558,-88.3339,USGS01,HG,VB,,,,,,,,,,,,,,,,,,,,,,
3B02B100,WKQA1,AL,30.4147,-87.8228,NOAERD,TW,WC,WS,WX,WO,HM,WP,WT,VB,,,,,,,,,,,,,,,
3B01A578,WKXA1,AL,30.4161,-87.8261,NOAERD,TA,VJ,DJ,VJ,DJ,XR,PA,US,UD,UE,VU,DU,PP,RS,VB,CP,,,,,,,,
DE27E57E,WLDA1,AL,32.7778,-87.8406,USGS01,HT,HP,,,,,,,,,,,,,,,,,,,,,,
17DEB7F6,WLFA1,AL,30.3881,-87.6528,USGS01,HG,VB,,,,,,,,,,,,,,,,,,,,,,
244835B2,WLSA1,AL,34.8044,-87.6272,TENNVA,HT,,,,,,,,,,,,,,,,,,,,,,,
24485054,WRTA1,AL,34.9558,-87.9536,TENNVA,PC,,,,,,,,,,,,,,,,,,,,,,,
244C23FE,WSDA1,AL,34.7925,-87.625,TENNVA,PC,,,,,,,,,,,,,,,,,,,,,,,
2446474A,WTBA1,AL,34.6014,-86.5511,TENNVA,PC,,,,,,,,,,,,,,,,,,,,,,,
D11CF47C,WTKA1,AL,32.5503,-86.1956,USGS01,HG,VB,,,,,,,,,,,,,,,,,,,,,,
CE00B15C,YCVA1,AL,33.7581,-88.1197,CESAMO,PC,HG,,,,,,,,,,,,,,,,,,,,,,
DE248796,YLWA1,AL,33.3206,-86.4953,USGS01,HG,TW,VB,,,,,,,,,,,,,,,,,,,,,
